{
    "counter": {
        "ACTIVE": 6288,
        "INACTIVE": 3592,
        "INVALID": 0,
        "MALICIOUS": 0,
        "SANE": 0,
        "VALID": 0,
        "total": 9880
    },
    "percentage": {
        "ACTIVE": 63.64372469635627,
        "INACTIVE": 36.35627530364373,
        "INVALID": 0.0,
        "MALICIOUS": 0.0,
        "SANE": 0.0,
        "VALID": 0.0,
        "total": 100.0
    }
}