{
    "counter": {
        "ACTIVE": 6349,
        "INACTIVE": 3531,
        "INVALID": 0,
        "MALICIOUS": 0,
        "SANE": 0,
        "VALID": 0,
        "total": 9880
    },
    "percentage": {
        "ACTIVE": 64.26113360323886,
        "INACTIVE": 35.73886639676113,
        "INVALID": 0.0,
        "MALICIOUS": 0.0,
        "SANE": 0.0,
        "VALID": 0.0,
        "total": 100.0
    }
}