{
    "counter": {
        "ACTIVE": 7054,
        "INACTIVE": 2826,
        "INVALID": 0,
        "MALICIOUS": 0,
        "SANE": 0,
        "VALID": 0,
        "total": 9880
    },
    "percentage": {
        "ACTIVE": 71.39676113360323,
        "INACTIVE": 28.60323886639676,
        "INVALID": 0.0,
        "MALICIOUS": 0.0,
        "SANE": 0.0,
        "VALID": 0.0,
        "total": 100.0
    }
}