{
    "counter": {
        "ACTIVE": 7831,
        "INACTIVE": 2049,
        "INVALID": 0,
        "MALICIOUS": 0,
        "SANE": 0,
        "VALID": 0,
        "total": 9880
    },
    "percentage": {
        "ACTIVE": 79.26113360323886,
        "INACTIVE": 20.74096568478591,
        "INVALID": 0,
        "MALICIOUS": 0,
        "SANE": 0,
        "VALID": 0,
        "total": 100.00209928802477
    }
}