{
    "counter": {
        "ACTIVE": 7142,
        "INACTIVE": 2738,
        "INVALID": 0,
        "MALICIOUS": 0,
        "SANE": 0,
        "VALID": 0,
        "total": 9880
    },
    "percentage": {
        "ACTIVE": 72.28744939271255,
        "INACTIVE": 27.71255060728745,
        "INVALID": 0.0,
        "MALICIOUS": 0.0,
        "SANE": 0.0,
        "VALID": 0.0,
        "total": 100.0
    }
}