{
    "counter": {
        "ACTIVE": 7597,
        "INACTIVE": 2283,
        "INVALID": 0,
        "MALICIOUS": 0,
        "SANE": 0,
        "VALID": 0,
        "total": 9880
    },
    "percentage": {
        "ACTIVE": 76.89271255060729,
        "INACTIVE": 23.109626480413,
        "INVALID": 0,
        "MALICIOUS": 0,
        "SANE": 0,
        "VALID": 0,
        "total": 100.00233903102028
    }
}