{
    "counter": {
        "ACTIVE": 16773,
        "INACTIVE": 4226,
        "INVALID": 1,
        "MALICIOUS": 0,
        "SANE": 0,
        "VALID": 0,
        "total": 21000
    },
    "percentage": {
        "ACTIVE": 79.87142857142857,
        "INACTIVE": 20.12476784608791,
        "INVALID": 0.006042296072507553,
        "MALICIOUS": 0,
        "SANE": 0,
        "VALID": 0,
        "total": 100.00223871358898
    }
}