{
    "counter": {
        "ACTIVE": 14583,
        "INACTIVE": 6415,
        "INVALID": 2,
        "MALICIOUS": 0,
        "SANE": 0,
        "VALID": 0,
        "total": 21000
    },
    "percentage": {
        "ACTIVE": 69.52231121281464,
        "INACTIVE": 30.547619047619047,
        "INVALID": 0.021530842932500807,
        "MALICIOUS": 0,
        "SANE": 0,
        "VALID": 0,
        "total": 100.0914611033662
    }
}