{
    "counter": {
        "ACTIVE": 7709,
        "INACTIVE": 2171,
        "INVALID": 0,
        "MALICIOUS": 0,
        "SANE": 0,
        "VALID": 0,
        "total": 9880
    },
    "percentage": {
        "ACTIVE": 78.02631578947368,
        "INACTIVE": 21.975908492762425,
        "INVALID": 0,
        "MALICIOUS": 0,
        "SANE": 0,
        "VALID": 0,
        "total": 100.00222428223611
    }
}