{
    "counter": {
        "ACTIVE": 7915,
        "INACTIVE": 1965,
        "INVALID": 0,
        "MALICIOUS": 0,
        "SANE": 0,
        "VALID": 0,
        "total": 9880
    },
    "percentage": {
        "ACTIVE": 80.11133603238866,
        "INACTIVE": 19.89067719404798,
        "INVALID": 0,
        "MALICIOUS": 0,
        "SANE": 0,
        "VALID": 0,
        "total": 100.00201322643665
    }
}