{
    "counter": {
        "ACTIVE": 7764,
        "INACTIVE": 2116,
        "INVALID": 0,
        "MALICIOUS": 0,
        "SANE": 0,
        "VALID": 0,
        "total": 9880
    },
    "percentage": {
        "ACTIVE": 78.582995951417,
        "INACTIVE": 21.419171980969733,
        "INVALID": 0,
        "MALICIOUS": 0,
        "SANE": 0,
        "VALID": 0,
        "total": 100.00216793238674
    }
}