{
    "counter": {
        "ACTIVE": 8165,
        "INACTIVE": 1715,
        "INVALID": 0,
        "MALICIOUS": 0,
        "SANE": 0,
        "VALID": 0,
        "total": 9880
    },
    "percentage": {
        "ACTIVE": 82.6417004048583,
        "INACTIVE": 17.360056685899384,
        "INVALID": 0,
        "MALICIOUS": 0,
        "SANE": 0,
        "VALID": 0,
        "total": 100.00175709075768
    }
}