{
    "counter": {
        "ACTIVE": 7226,
        "INACTIVE": 2654,
        "INVALID": 0,
        "MALICIOUS": 0,
        "SANE": 0,
        "VALID": 0,
        "total": 9880
    },
    "percentage": {
        "ACTIVE": 73.13765182186235,
        "INACTIVE": 26.86234817813765,
        "INVALID": 0.0,
        "MALICIOUS": 0.0,
        "SANE": 0.0,
        "VALID": 0.0,
        "total": 100.0
    }
}