{
    "counter": {
        "ACTIVE": 6950,
        "INACTIVE": 2930,
        "INVALID": 0,
        "MALICIOUS": 0,
        "SANE": 0,
        "VALID": 0,
        "total": 9880
    },
    "percentage": {
        "ACTIVE": 70.34412955465586,
        "INACTIVE": 29.655870445344128,
        "INVALID": 0.0,
        "MALICIOUS": 0.0,
        "SANE": 0.0,
        "VALID": 0.0,
        "total": 100.0
    }
}