{
    "counter": {
        "ACTIVE": 8086,
        "INACTIVE": 1794,
        "INVALID": 0,
        "MALICIOUS": 0,
        "SANE": 0,
        "VALID": 0,
        "total": 9880
    },
    "percentage": {
        "ACTIVE": 81.84210526315789,
        "INACTIVE": 18.159732766474338,
        "INVALID": 0,
        "MALICIOUS": 0,
        "SANE": 0,
        "VALID": 0,
        "total": 100.00183802963222
    }
}